0.0108, 0.0113, -0.6916, 0.7221
0.0108, 0.0113, -0.6916, 0.7221
0.0108, 0.0113, -0.6916, 0.7221
0.0108, 0.0113, -0.6916, 0.7221
0.0108, 0.0113, -0.6916, 0.7221
0.0108, 0.0113, -0.6916, 0.7221
0.0108, 0.0113, -0.6916, 0.7221
0.0108, 0.0113, -0.6916, 0.7221
0.0108, 0.0113, -0.6916, 0.7221
0.0108, 0.0113, -0.6916, 0.7221
0.0108, 0.0113, -0.6916, 0.7221
0.0108, 0.0113, -0.6916, 0.7221
0.0108, 0.0113, -0.6916, 0.7221
0.0108, 0.0113, -0.6916, 0.7221
0.0108, 0.0113, -0.6916, 0.7221
0.0108, 0.0113, -0.6916, 0.7221
0.0108, 0.0113, -0.6916, 0.7221
0.0108, 0.0113, -0.6916, 0.7221
0.0108, 0.0113, -0.6916, 0.7221
0.0108, 0.0113, -0.6916, 0.7221
0.0108, 0.0113, -0.6916, 0.7221
0.0108, 0.0113, -0.6916, 0.7221
0.0108, 0.0113, -0.6916, 0.7221
0.0108, 0.0113, -0.6916, 0.7221
0.0108, 0.0113, -0.6916, 0.7221
0.0108, 0.0113, -0.6916, 0.7221
0.0108, 0.0113, -0.6916, 0.7221
0.0108, 0.0113, -0.6916, 0.7221
0.0108, 0.0113, -0.6916, 0.7221
0.0085, 0.0089, -0.6916, 0.7222
0.0067, 0.007, -0.6916, 0.7222
0.0083, 0.0087, -0.6916, 0.7222
0.0116, 0.0121, -0.6916, 0.7221
0.0133, 0.0138, -0.6916, 0.7221
0.0126, 0.0131, -0.6916, 0.7221
0.0111, 0.0116, -0.6916, 0.7221
0.0082, 0.0085, -0.6916, 0.7222
0.0069, 0.0072, -0.6916, 0.7222
0.0116, 0.0121, -0.6916, 0.7221
0.0138, 0.0144, -0.6915, 0.7221
0.0128, 0.0134, -0.6916, 0.7221
0.0119, 0.0124, -0.6916, 0.7221
0.0091, 0.0095, -0.6916, 0.7221
0.0068, 0.0071, -0.6916, 0.7222
0.0062, 0.0065, -0.6917, 0.7222
0.0099, 0.0103, -0.6916, 0.7221
0.0125, 0.0131, -0.6916, 0.7221
0.0144, 0.015, -0.6915, 0.722
0.0134, 0.014, -0.6916, 0.7221
0.0122, 0.0127, -0.6916, 0.7221
0.0092, 0.0096, -0.6916, 0.7221
0.0075, 0.0079, -0.6916, 0.7222
0.0115, 0.012, -0.6916, 0.7221
0.0133, 0.0139, -0.6916, 0.7221
0.0125, 0.013, -0.6916, 0.7221
0.0119, 0.0124, -0.6916, 0.7221
0.0116, 0.0121, -0.6916, 0.7221
0.0113, 0.0118, -0.6916, 0.7221
0.0111, 0.0116, -0.6916, 0.7221
0.0084, 0.0088, -0.6916, 0.7221
0.0065, 0.0068, -0.6917, 0.7222
0.007, 0.0073, -0.6916, 0.7222
0.0104, 0.0109, -0.6916, 0.7221
0.0135, 0.0141, -0.6916, 0.7221
0.0134, 0.014, -0.6916, 0.7221
0.011, 0.0114, -0.6916, 0.7221
0.0081, 0.0084, -0.6916, 0.7222
0.0061, 0.0064, -0.6917, 0.7222
0.0077, 0.008, -0.6916, 0.7222
0.0116, 0.0121, -0.6916, 0.7221
0.0151, 0.0157, -0.6915, 0.722
0.0143, 0.015, -0.6915, 0.722
0.0131, 0.0137, -0.6916, 0.7221
0.012, 0.0126, -0.6916, 0.7221
0.0093, 0.0098, -0.6916, 0.7221
0.0072, 0.0075, -0.6916, 0.7222
0.0057, 0.006, -0.6917, 0.7222
0.0095, 0.0099, -0.6916, 0.7221
0.0129, 0.0134, -0.6916, 0.7221
0.0144, 0.015, -0.6915, 0.722
0.0134, 0.014, -0.6916, 0.7221
0.0125, 0.013, -0.6916, 0.7221
0.0119, 0.0125, -0.6916, 0.7221
0.0092, 0.0096, -0.6916, 0.7221
0.0068, 0.0071, -0.6917, 0.7222
0.0062, 0.0064, -0.6917, 0.7222
0.0106, 0.0111, -0.6916, 0.7221
0.0132, 0.0138, -0.6916, 0.7221
0.0138, 0.0144, -0.6916, 0.7221
0.0128, 0.0134, -0.6916, 0.7221
0.0121, 0.0127, -0.6916, 0.7221
0.0118, 0.0123, -0.6916, 0.7221
0.0114, 0.012, -0.6916, 0.7221
0.0097, 0.0101, -0.6916, 0.7221
0.0072, 0.0075, -0.6917, 0.7222
0.0064, 0.0066, -0.6917, 0.7222
0.0107, 0.0112, -0.6916, 0.7221
0.0137, 0.0143, -0.6916, 0.7221
0.0128, 0.0133, -0.6916, 0.7221
0.012, 0.0126, -0.6916, 0.7221
0.0116, 0.0121, -0.6916, 0.7221
0.0114, 0.0119, -0.6916, 0.7221
0.0102, 0.0108, -0.6918, 0.722
0.0071, 0.008, -0.6963, 0.7177
0.0082, 0.0084, -0.6976, 0.7164
0.0119, 0.0122, -0.6976, 0.7163
0.013, 0.0133, -0.6975, 0.7163
0.0124, 0.0127, -0.6976, 0.7163
0.012, 0.0123, -0.6976, 0.7163
0.0116, 0.0119, -0.6976, 0.7163
0.0114, 0.0117, -0.6976, 0.7163
0.0096, 0.01, -0.6981, 0.7159
0.007, 0.0085, -0.7029, 0.7112
0.0048, 0.0071, -0.7179, 0.6961
0.0043, 0.0056, -0.7262, 0.6875
0.0084, 0.0084, -0.7272, 0.6864
0.0118, 0.0114, -0.7271, 0.6863
0.0144, 0.0138, -0.7271, 0.6863
0.0155, 0.0148, -0.7271, 0.6862
0.0143, 0.0136, -0.7271, 0.6863
0.0133, 0.0127, -0.7271, 0.6863
0.0127, 0.012, -0.7271, 0.6863
0.0108, 0.0103, -0.7274, 0.6861
0.0076, 0.0084, -0.7323, 0.6809
0.0058, 0.0071, -0.742, 0.6704
0.0051, 0.0054, -0.7474, 0.6644
0.0066, 0.0061, -0.7475, 0.6642
0.0115, 0.0103, -0.7474, 0.6642
0.0141, 0.0126, -0.7474, 0.6641
0.0168, 0.015, -0.7473, 0.6641
0.0154, 0.0138, -0.7474, 0.6641
0.0139, 0.0124, -0.7474, 0.6641
0.0106, 0.0095, -0.7474, 0.6642
0.0079, 0.007, -0.7475, 0.6642
0.0087, 0.0077, -0.7475, 0.6642
0.0129, 0.0114, -0.7474, 0.6641
0.0155, 0.0137, -0.7474, 0.6641
0.0143, 0.0127, -0.7474, 0.6641
0.0134, 0.0119, -0.7474, 0.6641
0.0125, 0.0111, -0.7474, 0.6642
0.0097, 0.0086, -0.7475, 0.6642
0.0071, 0.0063, -0.7475, 0.6642
0.0087, 0.0078, -0.7475, 0.6642
0.0126, 0.0112, -0.7474, 0.6641
0.0152, 0.0135, -0.7474, 0.6641
0.0143, 0.0127, -0.7474, 0.6641
0.0112, 0.0099, -0.7474, 0.6642
0.0082, 0.0073, -0.7475, 0.6642
0.0066, 0.0058, -0.7475, 0.6642
0.0108, 0.0096, -0.7474, 0.6642
0.0141, 0.0126, -0.7474, 0.6641
0.0148, 0.0131, -0.7474, 0.6641
0.0106, 0.0094, -0.7474, 0.6642
0.0082, 0.0073, -0.7475, 0.6642
0.0063, 0.0056, -0.7475, 0.6642
0.0082, 0.0073, -0.7475, 0.6642
0.0125, 0.0111, -0.7474, 0.6641
0.0124, 0.011, -0.7474, 0.6641
0.009, 0.008, -0.7475, 0.6642
0.0071, 0.0063, -0.7475, 0.6642
0.0078, 0.0069, -0.7475, 0.6642
0.0116, 0.0103, -0.7474, 0.6642
0.0148, 0.0131, -0.7474, 0.6641
0.0179, 0.0159, -0.7473, 0.664
0.0167, 0.0148, -0.7473, 0.6641
0.0151, 0.0134, -0.7474, 0.6641
0.0119, 0.0106, -0.7474, 0.6642
0.01, 0.0089, -0.7475, 0.6642
0.0138, 0.0123, -0.7474, 0.6641
0.014, 0.0124, -0.7474, 0.6641
0.0132, 0.0117, -0.7474, 0.6641
0.0127, 0.0113, -0.7474, 0.6641
0.0114, 0.0101, -0.7474, 0.6642
0.0088, 0.0078, -0.7475, 0.6642
0.0067, 0.0059, -0.7475, 0.6642
0.007, 0.0063, -0.7475, 0.6642
0.0114, 0.0101, -0.7474, 0.6642
0.0141, 0.0125, -0.7474, 0.6641
0.0141, 0.0125, -0.7474, 0.6641
0.0108, 0.0096, -0.7475, 0.6642
0.008, 0.0071, -0.7475, 0.6642
0.0082, 0.0072, -0.7475, 0.6642
0.0125, 0.0111, -0.7474, 0.6641
0.0149, 0.0132, -0.7474, 0.6641
0.016, 0.0142, -0.7474, 0.6641
0.0126, 0.0108, -0.7466, 0.6651
0.0093, 0.0077, -0.7414, 0.671
0.0101, 0.0092, -0.7404, 0.6721
0.0137, 0.0124, -0.7403, 0.672
0.0144, 0.0131, -0.7403, 0.672
0.0135, 0.0122, -0.7403, 0.672
0.0129, 0.0117, -0.7403, 0.672
0.0126, 0.0114, -0.7403, 0.672
0.0108, 0.0098, -0.7403, 0.6721
0.0081, 0.0073, -0.7404, 0.6721
0.0061, 0.0056, -0.7404, 0.6721
0.0086, 0.0078, -0.7404, 0.6721
0.0127, 0.0115, -0.7403, 0.672
0.0157, 0.0142, -0.7403, 0.672
0.0144, 0.013, -0.7403, 0.672
0.0128, 0.0116, -0.7403, 0.672
0.0093, 0.0085, -0.7404, 0.6721
0.007, 0.0064, -0.7404, 0.6721
0.0082, 0.0074, -0.7404, 0.6721
0.0124, 0.0113, -0.7403, 0.672
0.0156, 0.0142, -0.7403, 0.672
0.0146, 0.0132, -0.7403, 0.672
0.0122, 0.0109, -0.7401, 0.6723
0.0098, 0.0079, -0.7366, 0.6763
0.0075, 0.0058, -0.7266, 0.687
0.0065, 0.0059, -0.7242, 0.6896
0.0104, 0.0098, -0.7241, 0.6895
0.014, 0.0133, -0.7241, 0.6895
0.0154, 0.0146, -0.724, 0.6894
0.0141, 0.0133, -0.7241, 0.6895
0.0132, 0.0125, -0.7241, 0.6895
0.0126, 0.012, -0.7241, 0.6895
0.0108, 0.0102, -0.7241, 0.6895
0.008, 0.0076, -0.7242, 0.6896
0.0063, 0.006, -0.7242, 0.6896
0.0071, 0.0067, -0.7242, 0.6896
0.0116, 0.011, -0.7241, 0.6895
0.014, 0.0133, -0.7241, 0.6895
0.0145, 0.0138, -0.724, 0.6895
0.0115, 0.0102, -0.7215, 0.6923
0.0092, 0.0077, -0.7143, 0.6997
0.0115, 0.0113, -0.7114, 0.7026
0.0142, 0.0141, -0.7113, 0.7026
0.0134, 0.0133, -0.7113, 0.7026
0.0128, 0.0126, -0.7113, 0.7026
0.0123, 0.0122, -0.7113, 0.7026
0.0119, 0.0118, -0.7114, 0.7026
0.0117, 0.0115, -0.7114, 0.7026
0.0095, 0.0094, -0.7114, 0.7027
0.0075, 0.0074, -0.7114, 0.7027
0.006, 0.0059, -0.7114, 0.7027
0.0077, 0.0077, -0.7114, 0.7027
0.0112, 0.0111, -0.7114, 0.7026
0.0136, 0.0135, -0.7113, 0.7026
0.0146, 0.0144, -0.7113, 0.7026
0.0136, 0.0134, -0.7113, 0.7026
0.0112, 0.0111, -0.7114, 0.7026
0.0085, 0.0084, -0.7114, 0.7027
0.0065, 0.0064, -0.7114, 0.7027
0.0051, 0.005, -0.7114, 0.7027
0.0085, 0.0084, -0.7114, 0.7027
0.0123, 0.0122, -0.7113, 0.7026
0.0149, 0.0147, -0.7113, 0.7026
0.0112, 0.0111, -0.7114, 0.7026
0.0081, 0.008, -0.7114, 0.7027
0.0061, 0.006, -0.7114, 0.7027
0.0093, 0.0092, -0.7114, 0.7027
0.0128, 0.0127, -0.7113, 0.7026
0.0152, 0.0151, -0.7113, 0.7026
0.0146, 0.0142, -0.711, 0.7029
0.0115, 0.0101, -0.706, 0.7081
0.0099, 0.0095, -0.6987, 0.7153
0.0124, 0.0127, -0.6982, 0.7157
0.0146, 0.0149, -0.6982, 0.7156
0.0134, 0.0137, -0.6982, 0.7157
0.0126, 0.0129, -0.6982, 0.7157
0.0121, 0.0124, -0.6982, 0.7157
0.0117, 0.012, -0.6982, 0.7157
0.0114, 0.0117, -0.6982, 0.7157
0.0097, 0.01, -0.6982, 0.7157
0.0072, 0.0074, -0.6983, 0.7158
0.0058, 0.006, -0.6983, 0.7158
0.0047, 0.0048, -0.6983, 0.7158
0.0082, 0.0084, -0.6983, 0.7157
0.0121, 0.0124, -0.6982, 0.7157
0.0144, 0.0147, -0.6982, 0.7156
0.0146, 0.015, -0.6982, 0.7156
0.0134, 0.0137, -0.6982, 0.7157
0.0125, 0.0128, -0.6982, 0.7157
0.012, 0.0123, -0.6982, 0.7157
0.0116, 0.0119, -0.6982, 0.7157
0.0099, 0.0104, -0.6988, 0.7152
0.0071, 0.0083, -0.7045, 0.7097
0.0059, 0.0063, -0.7089, 0.7053
0.0055, 0.0055, -0.7089, 0.7052
0.0095, 0.0094, -0.7089, 0.7052
0.0125, 0.0124, -0.7089, 0.7051
0.0154, 0.0153, -0.7088, 0.7051
0.0146, 0.0146, -0.7088, 0.7051
0.0134, 0.0134, -0.7088, 0.7051
0.0128, 0.0127, -0.7089, 0.7051
0.0122, 0.0121, -0.7089, 0.7051
0.0103, 0.0106, -0.7097, 0.7044
0.0075, 0.0088, -0.7159, 0.6981
0.0064, 0.0071, -0.7248, 0.6889
0.0105, 0.01, -0.7258, 0.6878
0.0142, 0.0135, -0.7257, 0.6877
0.0138, 0.013, -0.7257, 0.6877
0.013, 0.0123, -0.7257, 0.6877
0.0126, 0.0119, -0.7257, 0.6878
0.0122, 0.0116, -0.7257, 0.6878
0.012, 0.0113, -0.7258, 0.6878
0.0098, 0.0093, -0.7258, 0.6878
0.0075, 0.0076, -0.7266, 0.6869
0.0054, 0.007, -0.7333, 0.6798
0.0036, 0.0064, -0.7508, 0.6605
0.0036, 0.0047, -0.7579, 0.6524
0.0035, 0.0038, -0.7579, 0.6523
0.0078, 0.0073, -0.7579, 0.6523
0.0115, 0.0104, -0.7579, 0.6522
0.0144, 0.0127, -0.7578, 0.6522
0.0167, 0.0146, -0.7578, 0.6522
0.0186, 0.0161, -0.7577, 0.6521
0.0163, 0.0142, -0.7578, 0.6522
0.0146, 0.0126, -0.7578, 0.6522
0.0139, 0.012, -0.7578, 0.6522
0.0133, 0.0115, -0.7578, 0.6522
0.0128, 0.0111, -0.7578, 0.6522
0.0125, 0.0108, -0.7578, 0.6522
0.0123, 0.0106, -0.7578, 0.6522
0.0122, 0.0105, -0.7578, 0.6522
0.0121, 0.0104, -0.7578, 0.6522
0.012, 0.0103, -0.7579, 0.6522
0.012, 0.0103, -0.7579, 0.6522
0.0119, 0.0103, -0.7579, 0.6522
0.0119, 0.0103, -0.7579, 0.6522
0.0119, 0.0102, -0.7579, 0.6522
0.0119, 0.0102, -0.7579, 0.6522
0.0119, 0.0102, -0.7579, 0.6522
0.0119, 0.0102, -0.7579, 0.6522
0.0119, 0.0102, -0.7579, 0.6522
0.0119, 0.0102, -0.7579, 0.6522
0.0119, 0.0102, -0.7579, 0.6522
0.0119, 0.0102, -0.7579, 0.6522
0.0095, 0.0087, -0.7593, 0.6506
0.0068, 0.0069, -0.7672, 0.6413
0.0092, 0.0077, -0.7714, 0.6362
0.0137, 0.0113, -0.7714, 0.6361
0.0144, 0.0119, -0.7714, 0.6361
0.0136, 0.0112, -0.7714, 0.6361
0.0132, 0.0108, -0.7714, 0.6361
0.0128, 0.0106, -0.7714, 0.6361
0.0126, 0.0104, -0.7714, 0.6362
0.0124, 0.0103, -0.7714, 0.6362
0.0123, 0.0102, -0.7714, 0.6362
0.0122, 0.0101, -0.7714, 0.6362
0.0122, 0.0101, -0.7714, 0.6362
0.0122, 0.01, -0.7714, 0.6362
0.0121, 0.01, -0.7714, 0.6362
0.0121, 0.01, -0.7714, 0.6362
0.0121, 0.01, -0.7714, 0.6362
0.0121, 0.01, -0.7714, 0.6362
0.0121, 0.01, -0.7714, 0.6362
0.0121, 0.01, -0.7714, 0.6362
0.0093, 0.0089, -0.7754, 0.6314
0.0067, 0.0084, -0.789, 0.6143
0.0053, 0.0076, -0.8122, 0.5834
0.0116, 0.0094, -0.8239, 0.5665
0.0165, 0.0113, -0.8259, 0.5635
0.016, 0.0109, -0.8259, 0.5635
0.0151, 0.0103, -0.8259, 0.5635
0.0144, 0.0098, -0.8259, 0.5635
0.014, 0.0095, -0.8259, 0.5635
0.0136, 0.0093, -0.8259, 0.5635
0.0134, 0.0092, -0.826, 0.5635
0.0128, 0.0088, -0.826, 0.5635
0.0092, 0.007, -0.8286, 0.5598
0.0065, 0.0062, -0.8393, 0.5436
0.0054, 0.0048, -0.8466, 0.5321
0.0102, 0.0067, -0.8478, 0.5301
0.0147, 0.0094, -0.8478, 0.5301
0.0183, 0.0116, -0.8477, 0.53
0.0173, 0.0109, -0.8477, 0.5301
0.0159, 0.01, -0.8477, 0.5301
0.0151, 0.0095, -0.8478, 0.5301
0.0145, 0.0091, -0.8478, 0.5301
0.0142, 0.0089, -0.8478, 0.5301
0.0139, 0.0087, -0.8478, 0.5301
0.0115, 0.008, -0.8495, 0.5274
0.008, 0.0076, -0.8616, 0.5075
0.0065, 0.0068, -0.8794, 0.476
0.0128, 0.0078, -0.8883, 0.4591
0.0177, 0.0091, -0.8896, 0.4563
0.0173, 0.0089, -0.8896, 0.4563
0.0163, 0.0084, -0.8896, 0.4563
0.0155, 0.008, -0.8897, 0.4563
0.015, 0.0077, -0.8897, 0.4563
0.0147, 0.0075, -0.8897, 0.4563
0.0144, 0.0074, -0.8897, 0.4563
0.0118, 0.0064, -0.8906, 0.4546
0.0088, 0.0057, -0.8959, 0.4442
0.0078, 0.0046, -0.9017, 0.4323
0.0138, 0.0066, -0.9022, 0.431
0.0181, 0.0087, -0.9022, 0.4309
0.0174, 0.0083, -0.9022, 0.4309
0.0163, 0.0078, -0.9022, 0.4309
0.0156, 0.0074, -0.9022, 0.431
0.0151, 0.0072, -0.9022, 0.431
0.0148, 0.0071, -0.9022, 0.431
0.0146, 0.007, -0.9022, 0.431
0.0145, 0.0069, -0.9022, 0.431
0.0144, 0.0069, -0.9022, 0.431
0.0143, 0.0068, -0.9022, 0.431
0.0142, 0.0068, -0.9022, 0.431
0.0142, 0.0068, -0.9022, 0.431
0.0142, 0.0068, -0.9022, 0.431
0.0142, 0.0068, -0.9022, 0.431
0.0142, 0.0068, -0.9022, 0.431
0.0142, 0.0068, -0.9022, 0.431
0.0142, 0.0068, -0.9022, 0.431
0.0142, 0.0068, -0.9022, 0.431
0.0141, 0.0068, -0.9022, 0.431
0.0141, 0.0068, -0.9022, 0.431
0.0141, 0.0068, -0.9022, 0.431
0.0141, 0.0068, -0.9022, 0.431
0.0141, 0.0068, -0.9022, 0.431
0.0141, 0.0068, -0.9022, 0.431
0.0141, 0.0068, -0.9022, 0.431
0.0141, 0.0068, -0.9022, 0.431
0.0141, 0.0068, -0.9022, 0.431
0.0141, 0.0068, -0.9022, 0.431
0.0141, 0.0068, -0.9022, 0.431
0.0117, 0.0068, -0.9048, 0.4256
0.0087, 0.0064, -0.9148, 0.4037
0.0107, 0.0061, -0.9267, 0.3755
0.0153, 0.0064, -0.9299, 0.3674
0.0173, 0.0067, -0.93, 0.3671
0.0164, 0.0064, -0.93, 0.3671
0.0159, 0.0062, -0.93, 0.3671
0.0154, 0.0061, -0.93, 0.3671
0.0152, 0.006, -0.93, 0.3671
0.015, 0.0059, -0.93, 0.3671
0.0149, 0.0058, -0.93, 0.3671
0.0148, 0.0058, -0.93, 0.3671
0.0122, 0.0048, -0.9301, 0.3671
0.0095, 0.0037, -0.9301, 0.3671
0.0076, 0.003, -0.9301, 0.3671
0.0061, 0.0024, -0.9301, 0.3672
0.0108, 0.0043, -0.9301, 0.3671
0.016, 0.0063, -0.93, 0.3671
0.0188, 0.0074, -0.93, 0.3671
0.0198, 0.0078, -0.9299, 0.3671
0.018, 0.0071, -0.93, 0.3671
0.0169, 0.0066, -0.93, 0.3671
0.0161, 0.0063, -0.93, 0.3671
0.0156, 0.0061, -0.93, 0.3671
0.0153, 0.006, -0.93, 0.3671
0.0151, 0.006, -0.93, 0.3671
0.0149, 0.0059, -0.93, 0.3671
0.0148, 0.0058, -0.93, 0.3671
0.0147, 0.0058, -0.93, 0.3671
0.0133, 0.006, -0.931, 0.3648
0.01, 0.006, -0.9378, 0.347
0.0132, 0.0054, -0.946, 0.3239
0.0169, 0.0056, -0.9467, 0.3217
0.0163, 0.0054, -0.9467, 0.3217
0.0159, 0.0053, -0.9467, 0.3217
0.0156, 0.0052, -0.9467, 0.3217
0.0153, 0.0052, -0.9467, 0.3217
0.0152, 0.0051, -0.9467, 0.3217
0.015, 0.0051, -0.9467, 0.3217
0.015, 0.0051, -0.9467, 0.3217
0.0149, 0.0051, -0.9467, 0.3217
0.0149, 0.0051, -0.9467, 0.3217
0.0149, 0.0051, -0.9467, 0.3217
0.0149, 0.0051, -0.9467, 0.3217
0.0149, 0.0051, -0.9467, 0.3217
0.0149, 0.005, -0.9467, 0.3217
0.012, 0.0044, -0.9472, 0.3204
0.0088, 0.0042, -0.9511, 0.3087
0.0087, 0.0034, -0.9547, 0.2973
0.0138, 0.0044, -0.9548, 0.2968
0.0174, 0.0055, -0.9548, 0.2968
0.0188, 0.0059, -0.9547, 0.2968
0.0177, 0.0055, -0.9548, 0.2968
0.0168, 0.0052, -0.9548, 0.2968
0.0162, 0.0051, -0.9548, 0.2968
0.0159, 0.0049, -0.9548, 0.2968
0.0156, 0.0049, -0.9548, 0.2968
0.0154, 0.0048, -0.9548, 0.2968
0.0152, 0.0047, -0.9548, 0.2968
0.0152, 0.0047, -0.9548, 0.2968
0.0146, 0.0048, -0.955, 0.2962
0.0112, 0.0054, -0.9593, 0.2821
0.0088, 0.0061, -0.9682, 0.2501
0.0073, 0.0064, -0.9776, 0.2104
0.0091, 0.0061, -0.9863, 0.1647
0.0143, 0.0047, -0.9897, 0.1422
0.0182, 0.0036, -0.9908, 0.1343
0.0209, 0.0032, -0.9908, 0.1333
0.0192, 0.0029, -0.9909, 0.1333
0.0181, 0.0027, -0.9909, 0.1333
0.0174, 0.0025, -0.9909, 0.1333
0.0169, 0.0024, -0.9909, 0.1333
0.0165, 0.0023, -0.9909, 0.1333
0.0142, 0.0022, -0.9911, 0.1323
0.0105, 0.0029, -0.9928, 0.1192
0.0085, 0.0032, -0.9953, 0.0968
0.0095, 0.0025, -0.9969, 0.0783
0.0145, 0.0016, -0.9972, 0.073
0.0184, 0.0016, -0.9972, 0.073
0.0205, 0.0017, -0.9971, 0.073
0.0192, 0.0015, -0.9971, 0.073
0.018, 0.0014, -0.9972, 0.073
0.0173, 0.0013, -0.9972, 0.073
0.0167, 0.0013, -0.9972, 0.073
0.0164, 0.0012, -0.9972, 0.073
0.0162, 0.0012, -0.9972, 0.073
0.0133, 0.0014, -0.9974, 0.0706
0.0105, 0.0023, -0.9982, 0.0582
0.0091, 0.0019, -0.9993, 0.0352
0.0143, 0.0009, -0.9995, 0.0284
0.0188, 0.0006, -0.9994, 0.0281
0.0193, 0.0006, -0.9994, 0.0281
0.0182, 0.0006, -0.9994, 0.0281
0.0175, 0.0005, -0.9995, 0.0281
0.017, 0.0005, -0.9995, 0.0281
0.0166, 0.0005, -0.9995, 0.0281
0.0163, 0.0005, -0.9995, 0.0281
0.0148, 0.0006, -0.9995, 0.0277
0.0116, 0.0012, -0.9997, 0.0211
0.0091, 0.003, -0.9999, -0.0045
0.0076, 0.0031, -0.9993, -0.0353
0.0065, 0.0028, -0.9982, -0.0595
0.0094, 0.001, -0.9975, -0.0702
0.0149, -0.0001, -0.9974, -0.0703
0.019, -0.0007, -0.9973, -0.0703
0.0216, -0.001, -0.9973, -0.0703
0.0227, -0.0013, -0.9973, -0.0703
0.0203, -0.0012, -0.9973, -0.0703
0.0189, -0.0012, -0.9973, -0.0703
0.018, -0.0011, -0.9974, -0.0703
0.0173, -0.0011, -0.9974, -0.0703
0.0168, -0.0011, -0.9974, -0.0703
0.0164, -0.0011, -0.9974, -0.0703
0.0162, -0.0011, -0.9974, -0.0703
0.0142, 0.0, -0.9971, -0.0751
0.0111, 0.0018, -0.9943, -0.1057
0.0093, 0.0026, -0.9896, -0.1434
0.0145, -0.0008, -0.9844, -0.1752
0.0192, -0.0034, -0.983, -0.1827
0.0191, -0.0034, -0.983, -0.1827
0.0179, -0.0032, -0.983, -0.1827
0.0172, -0.0031, -0.983, -0.1827
0.0166, -0.003, -0.983, -0.1827
0.0162, -0.003, -0.983, -0.1827
0.016, -0.003, -0.983, -0.1827
0.0158, -0.0029, -0.983, -0.1827
0.0157, -0.0029, -0.983, -0.1827
0.0156, -0.0029, -0.983, -0.1827
0.0155, -0.0029, -0.983, -0.1827
0.0155, -0.0029, -0.983, -0.1827
0.0155, -0.0029, -0.983, -0.1827
0.0155, -0.0029, -0.983, -0.1827
0.0154, -0.0029, -0.983, -0.1827
0.0131, -0.0024, -0.9831, -0.1827
0.0101, -0.0019, -0.9831, -0.1827
0.0114, -0.0021, -0.9831, -0.1827
0.0159, -0.0029, -0.983, -0.1827
0.0184, -0.0034, -0.983, -0.1827
0.0177, -0.0033, -0.983, -0.1827
0.0169, -0.0032, -0.983, -0.1827
0.0164, -0.0031, -0.983, -0.1827
0.0161, -0.003, -0.983, -0.1827
0.0159, -0.003, -0.983, -0.1827
0.0157, -0.0029, -0.983, -0.1827
0.0157, -0.0029, -0.983, -0.1827
0.0156, -0.0029, -0.983, -0.1827
0.0155, -0.0029, -0.983, -0.1827
0.0144, -0.002, -0.9826, -0.1852
0.0119, -0.0001, -0.9789, -0.204
0.0098, 0.0011, -0.9711, -0.2384
0.0101, 0.0007, -0.961, -0.2762
0.0144, -0.0027, -0.9556, -0.2945
0.0176, -0.005, -0.9538, -0.2999
0.0193, -0.0059, -0.9536, -0.3003
0.0177, -0.0055, -0.9537, -0.3003
0.017, -0.0053, -0.9537, -0.3003
0.0164, -0.0051, -0.9537, -0.3003
0.016, -0.005, -0.9537, -0.3003
0.0157, -0.0049, -0.9537, -0.3003
0.0154, -0.0048, -0.9537, -0.3003
0.0153, -0.0048, -0.9537, -0.3003
0.0152, -0.0048, -0.9537, -0.3003
0.0151, -0.0048, -0.9537, -0.3003
0.0151, -0.0047, -0.9537, -0.3003
0.015, -0.0047, -0.9537, -0.3003
0.0128, -0.0026, -0.9508, -0.3094
0.0108, -0.0009, -0.9423, -0.3347
0.011, -0.0015, -0.9278, -0.3729
0.0146, -0.005, -0.922, -0.3869
0.018, -0.0076, -0.9206, -0.39
0.017, -0.0072, -0.9206, -0.39
0.0161, -0.0068, -0.9207, -0.39
0.0156, -0.0066, -0.9207, -0.39
0.0153, -0.0065, -0.9207, -0.39
0.015, -0.0064, -0.9207, -0.39
0.0148, -0.0063, -0.9207, -0.39
0.0147, -0.0062, -0.9207, -0.39
0.0146, -0.0062, -0.9207, -0.39
0.0146, -0.0062, -0.9207, -0.39
0.0115, -0.0049, -0.9207, -0.39
0.0096, -0.0041, -0.9208, -0.39
0.0156, -0.0066, -0.9207, -0.39
0.0164, -0.0069, -0.9207, -0.39
0.0158, -0.0067, -0.9207, -0.39
0.0153, -0.0065, -0.9207, -0.39
0.0151, -0.0064, -0.9207, -0.39
0.0149, -0.0063, -0.9207, -0.39
0.0147, -0.0062, -0.9207, -0.39
0.0147, -0.0062, -0.9207, -0.39
0.0146, -0.0062, -0.9207, -0.39
0.0145, -0.0062, -0.9207, -0.39
0.0145, -0.0061, -0.9207, -0.39
0.0145, -0.0061, -0.9207, -0.39
0.0145, -0.0061, -0.9207, -0.39
0.0145, -0.0061, -0.9207, -0.39
0.0145, -0.0061, -0.9207, -0.39
0.0124, -0.0037, -0.9167, -0.3993
0.0108, -0.0016, -0.9051, -0.425
0.0117, -0.0032, -0.8907, -0.4543
0.0154, -0.0081, -0.8835, -0.4682
0.0162, -0.0087, -0.8834, -0.4682
0.0154, -0.0082, -0.8835, -0.4682
0.015, -0.008, -0.8835, -0.4682
0.0146, -0.0078, -0.8835, -0.4682
0.0144, -0.0077, -0.8835, -0.4682
0.0142, -0.0076, -0.8835, -0.4682
0.0141, -0.0075, -0.8835, -0.4682
0.014, -0.0074, -0.8835, -0.4682
0.0135, -0.0071, -0.8835, -0.4682
0.0106, -0.0056, -0.8835, -0.4682
0.0082, -0.0044, -0.8836, -0.4682
0.0121, -0.0064, -0.8835, -0.4682
0.0164, -0.0087, -0.8834, -0.4682
0.0162, -0.0086, -0.8834, -0.4682
0.0154, -0.0082, -0.8835, -0.4682
0.015, -0.0079, -0.8835, -0.4682
0.0146, -0.0078, -0.8835, -0.4682
0.0144, -0.0076, -0.8835, -0.4682
0.0143, -0.0076, -0.8835, -0.4682
0.0141, -0.0075, -0.8835, -0.4682
0.014, -0.0074, -0.8835, -0.4682
0.014, -0.0074, -0.8835, -0.4682
0.0139, -0.0074, -0.8835, -0.4682
0.0122, -0.0049, -0.879, -0.4766
0.0101, -0.0022, -0.8596, -0.5108
0.0089, -0.0009, -0.8397, -0.5429
0.0118, -0.0049, -0.8241, -0.5663
0.0149, -0.0095, -0.8173, -0.5759
0.0167, -0.0116, -0.8167, -0.5767
0.0153, -0.0106, -0.8168, -0.5767
0.0146, -0.0102, -0.8168, -0.5767
0.0141, -0.0098, -0.8168, -0.5767
0.0136, -0.0096, -0.8168, -0.5767
0.0134, -0.0094, -0.8168, -0.5767
0.0128, -0.009, -0.8168, -0.5767
0.0094, -0.0066, -0.8168, -0.5767
0.0075, -0.0053, -0.8169, -0.5768
0.0062, -0.0043, -0.8169, -0.5768
0.0114, -0.008, -0.8168, -0.5767
0.0146, -0.0103, -0.8168, -0.5767
0.017, -0.012, -0.8167, -0.5767
0.0158, -0.0112, -0.8167, -0.5767
0.0149, -0.0106, -0.8168, -0.5767
0.0143, -0.0101, -0.8168, -0.5767
0.0139, -0.0098, -0.8168, -0.5767
0.0136, -0.0096, -0.8168, -0.5767
0.0133, -0.0094, -0.8168, -0.5767
0.0132, -0.0093, -0.8168, -0.5767
0.0131, -0.0092, -0.8168, -0.5767
0.0116, -0.0064, -0.8111, -0.5847
0.0103, -0.004, -0.7941, -0.6077
0.009, -0.0021, -0.7631, -0.6462
0.0083, -0.0011, -0.7374, -0.6754
0.0112, -0.0067, -0.7181, -0.6958
0.0131, -0.0108, -0.7133, -0.7007
0.0153, -0.0139, -0.7132, -0.7007
0.0153, -0.0143, -0.7132, -0.7007
0.0141, -0.0133, -0.7132, -0.7007
0.0133, -0.0126, -0.7132, -0.7007
0.0125, -0.0121, -0.7132, -0.7007
0.0121, -0.0117, -0.7132, -0.7007
0.0118, -0.0114, -0.7132, -0.7007
0.0116, -0.0113, -0.7132, -0.7007
0.0115, -0.0112, -0.7132, -0.7007
0.0114, -0.0111, -0.7132, -0.7007
0.0113, -0.0111, -0.7132, -0.7007
0.0113, -0.0111, -0.7132, -0.7007
0.0112, -0.011, -0.7132, -0.7007
0.0112, -0.011, -0.7132, -0.7007
0.0112, -0.011, -0.7132, -0.7007
0.0112, -0.011, -0.7132, -0.7007
0.0112, -0.011, -0.7132, -0.7007
0.0112, -0.011, -0.7132, -0.7007
0.0112, -0.011, -0.7132, -0.7007
0.0112, -0.011, -0.7132, -0.7007
0.0112, -0.011, -0.7132, -0.7007
0.0112, -0.011, -0.7132, -0.7007
0.0112, -0.011, -0.7132, -0.7007
0.0112, -0.011, -0.7132, -0.7007
0.0112, -0.011, -0.7132, -0.7007
0.0101, -0.008, -0.7063, -0.7078
0.0085, -0.0053, -0.6841, -0.7293
0.0104, -0.0104, -0.6689, -0.7432
0.0124, -0.014, -0.6669, -0.7449
0.0119, -0.0134, -0.6669, -0.7449
0.0115, -0.0129, -0.6669, -0.7449
0.0111, -0.0125, -0.6669, -0.7449
0.0109, -0.0123, -0.6669, -0.7449
0.0108, -0.0121, -0.6669, -0.7449
0.0107, -0.012, -0.6669, -0.7449
0.0079, -0.0089, -0.667, -0.745
0.0063, -0.007, -0.667, -0.745
0.0056, -0.0062, -0.667, -0.745
0.0092, -0.0103, -0.667, -0.745
0.0119, -0.0133, -0.6669, -0.7449
0.0136, -0.0152, -0.6669, -0.7449
0.0124, -0.0139, -0.6669, -0.7449
0.0118, -0.0132, -0.6669, -0.7449
0.0115, -0.0128, -0.6669, -0.7449
0.0112, -0.0125, -0.6669, -0.7449
0.0109, -0.0122, -0.6669, -0.7449
0.0108, -0.012, -0.6669, -0.7449
0.0107, -0.0119, -0.6669, -0.7449
0.0106, -0.0119, -0.6669, -0.7449
0.0106, -0.0118, -0.6669, -0.7449
0.0098, -0.0088, -0.6598, -0.7513
0.0088, -0.0058, -0.6332, -0.7739
0.0088, -0.0069, -0.6072, -0.7945
0.0101, -0.0119, -0.5937, -0.8045
0.0114, -0.0155, -0.5912, -0.8063
0.0108, -0.0147, -0.5913, -0.8063
0.0103, -0.014, -0.5913, -0.8063
0.01, -0.0136, -0.5913, -0.8063
0.0097, -0.0133, -0.5913, -0.8063
0.0096, -0.0131, -0.5913, -0.8063
0.0078, -0.0106, -0.5913, -0.8063
0.0059, -0.008, -0.5913, -0.8064
0.0052, -0.0071, -0.5913, -0.8064
0.0083, -0.0113, -0.5913, -0.8063
0.0106, -0.0145, -0.5913, -0.8063
0.0116, -0.0159, -0.5912, -0.8063
0.0109, -0.0149, -0.5912, -0.8063
0.0104, -0.0142, -0.5913, -0.8063
0.0101, -0.0137, -0.5913, -0.8063
0.0098, -0.0134, -0.5913, -0.8063
0.0096, -0.0132, -0.5913, -0.8063
0.0095, -0.013, -0.5913, -0.8063
0.0094, -0.0129, -0.5913, -0.8063
0.0094, -0.0128, -0.5913, -0.8063
0.0094, -0.0128, -0.5913, -0.8063
0.0093, -0.0127, -0.5913, -0.8063
0.0088, -0.0096, -0.5831, -0.8123
0.0083, -0.007, -0.5602, -0.8283
0.0077, -0.0052, -0.5294, -0.8483
0.0085, -0.0104, -0.5045, -0.8633
0.0094, -0.0155, -0.4958, -0.8682
0.0099, -0.0171, -0.4955, -0.8684
0.0092, -0.0159, -0.4955, -0.8684
0.0087, -0.0152, -0.4955, -0.8684
0.0084, -0.0147, -0.4955, -0.8684
0.0082, -0.0143, -0.4955, -0.8684
0.0081, -0.0141, -0.4955, -0.8684
0.0073, -0.0128, -0.4956, -0.8684
0.0056, -0.0099, -0.4956, -0.8685
0.0044, -0.0076, -0.4956, -0.8685
0.0067, -0.0117, -0.4956, -0.8685
0.0087, -0.0153, -0.4955, -0.8684
0.0094, -0.0165, -0.4955, -0.8684
0.009, -0.0157, -0.4955, -0.8684
0.0085, -0.015, -0.4955, -0.8684
0.0068, -0.012, -0.4956, -0.8685
0.0054, -0.0094, -0.4956, -0.8685
0.0042, -0.0074, -0.4956, -0.8685
0.0049, -0.0085, -0.4956, -0.8685
0.0074, -0.013, -0.4956, -0.8684
0.0092, -0.0162, -0.4955, -0.8684
0.0105, -0.0184, -0.4955, -0.8683
0.0097, -0.017, -0.4955, -0.8684
0.0081, -0.0142, -0.4955, -0.8684
0.0062, -0.0108, -0.4956, -0.8685
0.0057, -0.0101, -0.4956, -0.8685
0.008, -0.014, -0.4955, -0.8684
0.0098, -0.0171, -0.4955, -0.8684
0.0092, -0.0161, -0.4955, -0.8684
0.0088, -0.0154, -0.4955, -0.8684
0.0082, -0.0144, -0.4955, -0.8684
0.0064, -0.0112, -0.4956, -0.8685
0.0051, -0.0089, -0.4956, -0.8685
0.0057, -0.0099, -0.4956, -0.8685
0.0084, -0.0148, -0.4955, -0.8684
0.0098, -0.0171, -0.4955, -0.8684
0.0092, -0.0161, -0.4955, -0.8684
0.0087, -0.0153, -0.4955, -0.8684
0.0084, -0.0147, -0.4955, -0.8684
0.0063, -0.0111, -0.4956, -0.8685
0.005, -0.0088, -0.4956, -0.8685
0.0058, -0.0102, -0.4956, -0.8685
0.0085, -0.0149, -0.4955, -0.8684
0.0097, -0.017, -0.4955, -0.8684
0.0091, -0.016, -0.4955, -0.8684
0.0087, -0.0152, -0.4955, -0.8684
0.0084, -0.0147, -0.4955, -0.8684
0.0077, -0.0134, -0.4956, -0.8684
0.006, -0.0105, -0.4956, -0.8685
0.0057, -0.0099, -0.4956, -0.8685
0.009, -0.0158, -0.4955, -0.8684
0.0089, -0.0156, -0.4955, -0.8684
0.0086, -0.015, -0.4955, -0.8684
0.0083, -0.0146, -0.4955, -0.8684
0.0074, -0.0131, -0.4956, -0.8684
0.0055, -0.0096, -0.4956, -0.8685
0.0057, -0.01, -0.4956, -0.8685
0.0089, -0.0157, -0.4955, -0.8684
0.0091, -0.0159, -0.4955, -0.8684
0.0086, -0.0152, -0.4955, -0.8684
0.0083, -0.0146, -0.4955, -0.8684
0.0063, -0.011, -0.4956, -0.8685
0.0048, -0.0085, -0.4956, -0.8685
0.0074, -0.0129, -0.4956, -0.8684
0.0095, -0.0167, -0.4955, -0.8684
0.009, -0.0157, -0.4955, -0.8684
0.0086, -0.0151, -0.4955, -0.8684
0.0084, -0.0147, -0.4955, -0.8684
0.0076, -0.0133, -0.4956, -0.8684
0.0059, -0.0103, -0.4956, -0.8685
0.0047, -0.0082, -0.4956, -0.8685
0.0043, -0.0076, -0.4956, -0.8685
0.0072, -0.0126, -0.4956, -0.8684
0.0098, -0.0172, -0.4955, -0.8684
0.0099, -0.0173, -0.4955, -0.8684
0.0093, -0.0163, -0.4955, -0.8684
0.0086, -0.0151, -0.4955, -0.8684
0.0063, -0.011, -0.4956, -0.8685
0.005, -0.0087, -0.4956, -0.8685
0.0046, -0.0081, -0.4956, -0.8685
0.0077, -0.0136, -0.4956, -0.8684
0.0103, -0.0181, -0.4955, -0.8684
0.0097, -0.017, -0.4955, -0.8684
0.0091, -0.016, -0.4955, -0.8684
0.0086, -0.0152, -0.4955, -0.8684
0.0084, -0.0147, -0.4955, -0.8684
0.0082, -0.0144, -0.4955, -0.8684
0.0081, -0.0142, -0.4955, -0.8684
0.008, -0.014, -0.4955, -0.8684
0.0079, -0.0139, -0.4956, -0.8684
0.0079, -0.0138, -0.4956, -0.8684
0.0079, -0.0138, -0.4956, -0.8684
0.0078, -0.0137, -0.4956, -0.8684
0.0078, -0.0137, -0.4956, -0.8684
0.0078, -0.0137, -0.4956, -0.8684
0.0067, -0.012, -0.496, -0.8682
0.0047, -0.0098, -0.5012, -0.8652
0.0038, -0.0074, -0.5092, -0.8606
0.0064, -0.0108, -0.5098, -0.8602
0.009, -0.0153, -0.5098, -0.8601
0.01, -0.0169, -0.5097, -0.8601
0.0094, -0.016, -0.5098, -0.8601
0.0089, -0.0151, -0.5098, -0.8601
0.0086, -0.0146, -0.5098, -0.8601
0.0084, -0.0142, -0.5098, -0.8602
0.0083, -0.014, -0.5098, -0.8602
0.0082, -0.0138, -0.5098, -0.8602
0.0081, -0.0137, -0.5098, -0.8602
0.0064, -0.0113, -0.5109, -0.8596
0.0043, -0.0095, -0.5185, -0.855
0.0034, -0.0072, -0.5306, -0.8476
0.0054, -0.0088, -0.5326, -0.8463
0.0086, -0.0139, -0.5325, -0.8463
0.0113, -0.018, -0.5325, -0.8462
0.0106, -0.0169, -0.5325, -0.8462
0.0099, -0.0159, -0.5325, -0.8462
0.0095, -0.0151, -0.5325, -0.8462
0.0091, -0.0145, -0.5325, -0.8462
0.0089, -0.0142, -0.5325, -0.8462
0.0087, -0.0139, -0.5325, -0.8462
0.0086, -0.0137, -0.5325, -0.8463
0.0085, -0.0136, -0.5325, -0.8463
0.0062, -0.0106, -0.5347, -0.8449
0.005, -0.009, -0.5441, -0.8389
0.0082, -0.0126, -0.5459, -0.8377
0.0102, -0.0156, -0.5459, -0.8376
0.0097, -0.0149, -0.5459, -0.8377
0.0094, -0.0144, -0.5459, -0.8377
0.0091, -0.014, -0.5459, -0.8377
0.009, -0.0138, -0.5459, -0.8377
0.0088, -0.0135, -0.5459, -0.8377
0.0088, -0.0134, -0.5459, -0.8377
0.0087, -0.0133, -0.5459, -0.8377
0.0074, -0.0116, -0.5463, -0.8375
0.0048, -0.0092, -0.5533, -0.8329
0.004, -0.0074, -0.5618, -0.8272
0.0074, -0.0109, -0.5638, -0.8258
0.0097, -0.0144, -0.5637, -0.8258
0.0111, -0.0163, -0.5637, -0.8257
0.0105, -0.0154, -0.5637, -0.8258
0.01, -0.0146, -0.5637, -0.8258
0.0096, -0.0141, -0.5637, -0.8258
0.0094, -0.0137, -0.5637, -0.8258
0.0092, -0.0135, -0.5637, -0.8258
0.0091, -0.0133, -0.5637, -0.8258
0.009, -0.0132, -0.5638, -0.8258
0.009, -0.0131, -0.5637, -0.8258
0.0075, -0.0112, -0.5644, -0.8254
0.0053, -0.0094, -0.5699, -0.8217
0.0043, -0.0073, -0.5778, -0.8162
0.0075, -0.0106, -0.5791, -0.8151
0.01, -0.0141, -0.5791, -0.8151
0.0111, -0.0157, -0.5791, -0.815
0.0105, -0.0149, -0.5791, -0.8151
0.01, -0.0142, -0.5791, -0.8151
0.0098, -0.0138, -0.5791, -0.8151
0.0096, -0.0135, -0.5791, -0.8151
0.0094, -0.0132, -0.5791, -0.8151
0.0093, -0.0131, -0.5791, -0.8151
0.0092, -0.013, -0.5791, -0.8151
0.0092, -0.0129, -0.5791, -0.8151
0.0077, -0.0112, -0.5798, -0.8146
0.0052, -0.0089, -0.5877, -0.809
0.0049, -0.0078, -0.595, -0.8037
0.0092, -0.0124, -0.5959, -0.8029
0.0117, -0.0158, -0.5958, -0.8029
0.011, -0.0149, -0.5958, -0.8029
0.0105, -0.0142, -0.5958, -0.8029
0.0102, -0.0138, -0.5958, -0.8029
0.0099, -0.0134, -0.5958, -0.8029
0.0098, -0.0132, -0.5958, -0.8029
0.0096, -0.013, -0.5958, -0.8029
0.0071, -0.01, -0.5968, -0.8023
0.0049, -0.0086, -0.6038, -0.7971
0.0033, -0.0077, -0.6188, -0.7855
0.003, -0.0062, -0.6301, -0.7765
0.0052, -0.0072, -0.6323, -0.7746
0.0098, -0.0125, -0.6323, -0.7746
0.0121, -0.0152, -0.6322, -0.7745
0.0143, -0.0178, -0.6322, -0.7745
0.0133, -0.0164, -0.6322, -0.7745
0.0123, -0.0152, -0.6322, -0.7745
0.0115, -0.0142, -0.6323, -0.7745
0.011, -0.0136, -0.6323, -0.7746
0.0107, -0.0132, -0.6323, -0.7746
0.0105, -0.0129, -0.6323, -0.7746
0.0103, -0.0127, -0.6323, -0.7746
0.008, -0.0105, -0.6341, -0.7731
0.0056, -0.0082, -0.6432, -0.7656
0.0098, -0.0116, -0.6466, -0.7627
0.0121, -0.0143, -0.6466, -0.7626
0.0115, -0.0135, -0.6466, -0.7627
0.011, -0.013, -0.6466, -0.7627
0.0108, -0.0127, -0.6466, -0.7627
0.0106, -0.0125, -0.6466, -0.7627
0.0105, -0.0123, -0.6466, -0.7627
0.0104, -0.0122, -0.6466, -0.7627
0.0103, -0.0122, -0.6466, -0.7627
0.009, -0.0108, -0.6469, -0.7624
0.0064, -0.0089, -0.6515, -0.7586
0.0047, -0.0077, -0.663, -0.7485
0.004, -0.006, -0.6721, -0.7405
0.0079, -0.0091, -0.6736, -0.739
0.0109, -0.0122, -0.6736, -0.7389
0.0144, -0.016, -0.6735, -0.7388
0.0136, -0.015, -0.6736, -0.7389
0.0126, -0.0139, -0.6736, -0.7389
0.012, -0.0132, -0.6736, -0.7389
0.0115, -0.0126, -0.6736, -0.7389
0.0112, -0.0123, -0.6736, -0.7389
0.011, -0.0121, -0.6736, -0.7389
0.0109, -0.012, -0.6736, -0.7389
0.0093, -0.0104, -0.674, -0.7386
0.0064, -0.0083, -0.6805, -0.7327
0.0074, -0.0084, -0.6854, -0.7281
0.0109, -0.0116, -0.6856, -0.7278
0.013, -0.0139, -0.6855, -0.7278
0.0124, -0.0132, -0.6855, -0.7278
0.0119, -0.0126, -0.6855, -0.7278
0.0115, -0.0123, -0.6855, -0.7278
0.0113, -0.012, -0.6856, -0.7278
0.0111, -0.0118, -0.6856, -0.7278
0.011, -0.0117, -0.6856, -0.7278
0.0109, -0.0116, -0.6856, -0.7278
0.0109, -0.0116, -0.6856, -0.7278
0.0093, -0.01, -0.6858, -0.7276
0.0068, -0.0083, -0.6897, -0.724
0.0053, -0.007, -0.6979, -0.7161
0.0048, -0.0052, -0.7016, -0.7125
0.0085, -0.0088, -0.7016, -0.7125
0.0123, -0.0125, -0.7015, -0.7124
0.0151, -0.0154, -0.7015, -0.7123
0.014, -0.0143, -0.7015, -0.7124
0.013, -0.0132, -0.7015, -0.7124
0.0124, -0.0126, -0.7015, -0.7124
0.012, -0.0122, -0.7016, -0.7124
0.0101, -0.0107, -0.7024, -0.7116
0.0073, -0.0091, -0.7088, -0.7053
0.0054, -0.0078, -0.7222, -0.6917
0.0075, -0.0085, -0.7323, -0.6809
0.0123, -0.0116, -0.7343, -0.6787
0.0148, -0.0138, -0.7342, -0.6786
0.0137, -0.0127, -0.7342, -0.6786
0.0131, -0.0122, -0.7343, -0.6786
0.0126, -0.0117, -0.7343, -0.6787
0.0123, -0.0114, -0.7343, -0.6787
0.0121, -0.0112, -0.7343, -0.6787
0.0119, -0.011, -0.7343, -0.6787
0.0118, -0.0109, -0.7343, -0.6787
0.0117, -0.0108, -0.7343, -0.6787
0.0116, -0.0108, -0.7343, -0.6787
0.0116, -0.0107, -0.7343, -0.6787
0.0116, -0.0107, -0.7343, -0.6787
0.0116, -0.0107, -0.7343, -0.6787
0.0115, -0.0107, -0.7343, -0.6787
0.0115, -0.0107, -0.7343, -0.6787
0.0115, -0.0107, -0.7343, -0.6787
0.0115, -0.0107, -0.7343, -0.6787
0.0115, -0.0106, -0.7343, -0.6787
0.0115, -0.0106, -0.7343, -0.6787
0.0115, -0.0106, -0.7343, -0.6787
0.0115, -0.0106, -0.7343, -0.6787
0.0115, -0.0106, -0.7343, -0.6787
0.0115, -0.0106, -0.7343, -0.6787
0.0115, -0.0106, -0.7343, -0.6787
0.0115, -0.0106, -0.7343, -0.6787
0.0115, -0.0106, -0.7343, -0.6787
0.0115, -0.0106, -0.7343, -0.6787
0.0115, -0.0106, -0.7343, -0.6787
0.0115, -0.0106, -0.7343, -0.6787
0.0115, -0.0106, -0.7343, -0.6787
0.0085, -0.0098, -0.7409, -0.6715
0.0062, -0.0087, -0.757, -0.6534
0.0071, -0.0087, -0.7748, -0.6321
0.0126, -0.0106, -0.7837, -0.6209
0.0148, -0.0116, -0.784, -0.6204
0.0139, -0.011, -0.7841, -0.6204
0.0135, -0.0106, -0.7841, -0.6204
0.0131, -0.0103, -0.7841, -0.6204
0.0129, -0.0102, -0.7841, -0.6204
0.0127, -0.01, -0.7841, -0.6204
0.0126, -0.0099, -0.7841, -0.6204
0.0125, -0.0099, -0.7841, -0.6205
0.0124, -0.0098, -0.7841, -0.6205
0.0108, -0.0086, -0.7841, -0.6205
0.0075, -0.0059, -0.7841, -0.6205
0.0086, -0.0068, -0.7841, -0.6205
0.0128, -0.0101, -0.7841, -0.6204
0.0154, -0.0122, -0.784, -0.6204
0.0146, -0.0115, -0.784, -0.6204
0.0139, -0.011, -0.7841, -0.6204
0.0135, -0.0107, -0.7841, -0.6204
0.0131, -0.0104, -0.7841, -0.6204
0.0128, -0.0102, -0.7841, -0.6205
0.0103, -0.0081, -0.7841, -0.6205
0.0081, -0.0064, -0.7841, -0.6205
0.0095, -0.0075, -0.7841, -0.6205
0.013, -0.0103, -0.7841, -0.6205
0.0149, -0.0118, -0.784, -0.6204
0.014, -0.0111, -0.7841, -0.6204
0.0135, -0.0107, -0.7841, -0.6204
0.0131, -0.0104, -0.7841, -0.6205
0.0119, -0.0094, -0.7841, -0.6205
0.0092, -0.0073, -0.7841, -0.6205
0.0069, -0.0055, -0.7841, -0.6205
0.0104, -0.0082, -0.7841, -0.6205
0.0139, -0.011, -0.7841, -0.6204
0.0152, -0.0121, -0.784, -0.6204
0.0144, -0.0114, -0.784, -0.6204
0.0138, -0.0109, -0.784, -0.6204
0.0134, -0.0106, -0.7841, -0.6205
0.013, -0.0103, -0.7841, -0.6205
0.0128, -0.0101, -0.7841, -0.6205
0.0126, -0.01, -0.7841, -0.6205
0.01, -0.0082, -0.7846, -0.6198
0.0073, -0.0066, -0.7899, -0.6131
0.0083, -0.0064, -0.792, -0.6104
0.0122, -0.0094, -0.792, -0.6104
0.0157, -0.0121, -0.7919, -0.6103
0.0145, -0.0112, -0.7919, -0.6103
0.0139, -0.0107, -0.792, -0.6103
0.0134, -0.0103, -0.792, -0.6103
0.0131, -0.0101, -0.792, -0.6103
0.0129, -0.0099, -0.792, -0.6103
0.0127, -0.0098, -0.792, -0.6103
0.0126, -0.0097, -0.792, -0.6103
0.0107, -0.0084, -0.7924, -0.6098
0.008, -0.0073, -0.7965, -0.6045
0.0064, -0.0057, -0.8022, -0.5969
0.0112, -0.0083, -0.8032, -0.5955
0.0149, -0.011, -0.8032, -0.5955
0.0153, -0.0113, -0.8032, -0.5955
0.0145, -0.0108, -0.8032, -0.5955
0.0139, -0.0103, -0.8032, -0.5955
0.0135, -0.01, -0.8032, -0.5955
0.0132, -0.0098, -0.8032, -0.5955
0.013, -0.0096, -0.8032, -0.5955
0.0129, -0.0095, -0.8032, -0.5955
0.0128, -0.0095, -0.8032, -0.5955
0.0123, -0.0091, -0.8032, -0.5955
0.0087, -0.0074, -0.8066, -0.5909
0.0067, -0.0063, -0.8145, -0.5801
0.0102, -0.0076, -0.8183, -0.5747
0.0139, -0.0098, -0.8183, -0.5745
0.0154, -0.0109, -0.8183, -0.5745
0.0147, -0.0103, -0.8183, -0.5745
0.0141, -0.0099, -0.8183, -0.5745
0.0137, -0.0096, -0.8184, -0.5745
0.0134, -0.0094, -0.8184, -0.5745
0.0132, -0.0093, -0.8184, -0.5745
0.0131, -0.0092, -0.8184, -0.5745
0.0124, -0.0087, -0.8184, -0.5745
0.0088, -0.0062, -0.8184, -0.5745
0.0071, -0.005, -0.8184, -0.5745
0.0065, -0.0045, -0.8184, -0.5745
0.0119, -0.0083, -0.8184, -0.5745
0.015, -0.0105, -0.8183, -0.5745
0.0177, -0.0124, -0.8183, -0.5744
0.0164, -0.0115, -0.8183, -0.5744
0.0154, -0.0108, -0.8183, -0.5745
0.0145, -0.0102, -0.8183, -0.5745
0.0139, -0.0098, -0.8183, -0.5745
0.0124, -0.0087, -0.8184, -0.5745
0.0097, -0.0068, -0.8184, -0.5745
0.0076, -0.0053, -0.8184, -0.5745
0.0112, -0.0078, -0.8184, -0.5745
0.0149, -0.0105, -0.8183, -0.5745
0.0156, -0.011, -0.8183, -0.5745
0.0146, -0.0103, -0.8183, -0.5745
0.0141, -0.0099, -0.8183, -0.5745
0.0137, -0.0096, -0.8183, -0.5745
0.013, -0.0092, -0.8184, -0.5745
0.0096, -0.0067, -0.8184, -0.5745
0.0077, -0.0054, -0.8184, -0.5745
0.0063, -0.0044, -0.8184, -0.5746
0.0059, -0.0042, -0.8184, -0.5746
0.0106, -0.0075, -0.8184, -0.5745
0.0143, -0.0101, -0.8183, -0.5745
0.0168, -0.0118, -0.8183, -0.5745
0.0176, -0.0123, -0.8183, -0.5744
0.0161, -0.0113, -0.8183, -0.5745
0.0152, -0.0107, -0.8183, -0.5745
0.0134, -0.0094, -0.8183, -0.5745
0.01, -0.007, -0.8184, -0.5745
0.0079, -0.0055, -0.8184, -0.5745
0.0064, -0.0045, -0.8184, -0.5746
0.0087, -0.0061, -0.8184, -0.5745
0.0129, -0.0091, -0.8183, -0.5745
0.0161, -0.0113, -0.8183, -0.5745
0.0177, -0.0125, -0.8183, -0.5744
0.0161, -0.0113, -0.8183, -0.5745
0.0151, -0.0106, -0.8183, -0.5745
0.0144, -0.0101, -0.8183, -0.5745
0.0123, -0.0086, -0.8184, -0.5745
0.0096, -0.0067, -0.8184, -0.5745
0.0076, -0.0053, -0.8184, -0.5746
0.0095, -0.0067, -0.8184, -0.5745
0.0141, -0.0099, -0.8183, -0.5745
0.0167, -0.0117, -0.8183, -0.5745
0.0154, -0.0109, -0.8183, -0.5745
0.0146, -0.0102, -0.8183, -0.5745
0.014, -0.0098, -0.8183, -0.5745
0.0117, -0.0082, -0.8184, -0.5745
0.0092, -0.0065, -0.8184, -0.5745
0.0074, -0.0052, -0.8184, -0.5746
0.0085, -0.006, -0.8184, -0.5746
0.0133, -0.0093, -0.8183, -0.5745
0.0169, -0.0119, -0.8183, -0.5745
0.0162, -0.0114, -0.8183, -0.5745
0.0152, -0.0107, -0.8183, -0.5745
0.0146, -0.0102, -0.8183, -0.5745
0.014, -0.0098, -0.8183, -0.5745
0.0136, -0.0096, -0.8183, -0.5745
0.0122, -0.0087, -0.8186, -0.5742
0.0092, -0.0073, -0.8215, -0.5701
0.007, -0.0065, -0.8295, -0.5585
0.006, -0.0048, -0.8367, -0.5476
0.011, -0.0074, -0.837, -0.5471
0.0146, -0.0097, -0.8369, -0.547
0.0179, -0.0118, -0.8369, -0.547
0.0166, -0.0109, -0.8369, -0.547
0.0156, -0.0102, -0.8369, -0.547
0.0149, -0.0098, -0.8369, -0.547
0.0144, -0.0094, -0.8369, -0.547
0.014, -0.0092, -0.8369, -0.5471
0.0134, -0.0088, -0.8369, -0.5471
0.0101, -0.0071, -0.8383, -0.545
0.0075, -0.0066, -0.8443, -0.5358
0.0061, -0.0053, -0.8522, -0.5231
0.0065, -0.0043, -0.8548, -0.5189
0.0113, -0.0071, -0.8548, -0.5188
0.0149, -0.0092, -0.8547, -0.5188
0.0175, -0.0108, -0.8547, -0.5188
0.0182, -0.0111, -0.8547, -0.5188
0.0164, -0.01, -0.8547, -0.5188
0.0155, -0.0095, -0.8547, -0.5188
0.0149, -0.0091, -0.8547, -0.5188
0.0145, -0.0088, -0.8547, -0.5188
0.0142, -0.0086, -0.8547, -0.5188
0.0139, -0.0085, -0.8547, -0.5188
0.0138, -0.0084, -0.8547, -0.5188
0.0137, -0.0083, -0.8547, -0.5188
0.0136, -0.0083, -0.8547, -0.5188
0.0135, -0.0082, -0.8547, -0.5188
0.0135, -0.0082, -0.8547, -0.5188
0.0135, -0.0082, -0.8547, -0.5188
0.0134, -0.0082, -0.8547, -0.5188
0.0134, -0.0082, -0.8547, -0.5188
0.0134, -0.0081, -0.8547, -0.5188
0.0134, -0.0081, -0.8547, -0.5188
0.0134, -0.0081, -0.8548, -0.5188
0.013, -0.0079, -0.8548, -0.5188
0.0099, -0.0066, -0.8567, -0.5157
0.0077, -0.0056, -0.8618, -0.5072
0.013, -0.0076, -0.8638, -0.5037
0.0162, -0.0094, -0.8637, -0.5037
0.0153, -0.0089, -0.8637, -0.5037
0.0147, -0.0086, -0.8637, -0.5037
0.0144, -0.0084, -0.8637, -0.5037
0.0141, -0.0082, -0.8637, -0.5037
0.014, -0.0081, -0.8637, -0.5037
0.0138, -0.0081, -0.8637, -0.5037
0.0117, -0.007, -0.8641, -0.5031
0.0089, -0.0062, -0.8674, -0.4975
0.0068, -0.0057, -0.8758, -0.4826
0.0057, -0.0045, -0.8822, -0.4709
0.0106, -0.0059, -0.8834, -0.4685
0.0146, -0.008, -0.8833, -0.4685
0.0179, -0.0096, -0.8833, -0.4684
0.018, -0.0097, -0.8833, -0.4684
0.0168, -0.009, -0.8833, -0.4685
0.016, -0.0085, -0.8833, -0.4685
0.0154, -0.0082, -0.8833, -0.4685
0.0149, -0.0079, -0.8833, -0.4685
0.0146, -0.0078, -0.8833, -0.4685
0.0143, -0.0076, -0.8833, -0.4685
0.0142, -0.0075, -0.8833, -0.4685
0.0141, -0.0075, -0.8833, -0.4685
0.014, -0.0074, -0.8833, -0.4685
0.014, -0.0074, -0.8833, -0.4685
0.0139, -0.0074, -0.8833, -0.4685
0.0139, -0.0074, -0.8833, -0.4685
0.0139, -0.0074, -0.8833, -0.4685
0.0139, -0.0074, -0.8833, -0.4685
0.0139, -0.0074, -0.8833, -0.4685
0.0139, -0.0074, -0.8833, -0.4685
0.0139, -0.0074, -0.8833, -0.4685
0.012, -0.0047, -0.8783, -0.4779
0.0104, -0.0026, -0.8646, -0.5023
0.0091, -0.0013, -0.8451, -0.5345
0.0117, -0.005, -0.8294, -0.5584
0.0143, -0.0088, -0.8232, -0.5675
0.0168, -0.0115, -0.8221, -0.5689
0.0156, -0.0107, -0.8222, -0.5689
0.0148, -0.0102, -0.8222, -0.5689
0.0142, -0.0097, -0.8222, -0.5689
0.0138, -0.0095, -0.8222, -0.5689
0.0135, -0.0093, -0.8222, -0.569
0.0133, -0.0092, -0.8222, -0.569
0.0132, -0.0091, -0.8222, -0.569
0.0108, -0.0071, -0.8214, -0.5701
0.0091, -0.0047, -0.8152, -0.5791
0.0081, -0.003, -0.8021, -0.5972
0.0072, -0.0031, -0.7906, -0.6123
0.0108, -0.0076, -0.7872, -0.6165
0.0145, -0.0109, -0.7872, -0.6165
0.0172, -0.0132, -0.7871, -0.6164
0.0159, -0.0122, -0.7871, -0.6164
0.0149, -0.0115, -0.7872, -0.6165
0.0142, -0.011, -0.7872, -0.6165
0.0136, -0.0106, -0.7872, -0.6165
0.0132, -0.0103, -0.7872, -0.6165
0.0109, -0.0078, -0.7853, -0.619
0.0095, -0.0052, -0.7763, -0.6303
0.0079, -0.0039, -0.7627, -0.6467
0.0079, -0.005, -0.7526, -0.6584
0.0111, -0.0093, -0.7507, -0.6605
0.0139, -0.0119, -0.7506, -0.6605
0.0158, -0.0137, -0.7506, -0.6604
0.0147, -0.0127, -0.7506, -0.6605
0.0138, -0.0121, -0.7506, -0.6605
0.0133, -0.0116, -0.7506, -0.6605
0.0128, -0.0112, -0.7506, -0.6605
0.0124, -0.0109, -0.7507, -0.6605
0.0122, -0.0107, -0.7507, -0.6605
0.0121, -0.0106, -0.7507, -0.6605
0.0098, -0.0086, -0.7507, -0.6605
0.0079, -0.0069, -0.7507, -0.6605
0.0062, -0.0055, -0.7507, -0.6606
0.0052, -0.0045, -0.7507, -0.6606
0.0063, -0.0056, -0.7507, -0.6606
0.0107, -0.0094, -0.7507, -0.6605
0.0136, -0.012, -0.7506, -0.6605
0.0159, -0.0137, -0.749, -0.6622
0.0164, -0.0145, -0.7488, -0.6624
0.015, -0.0133, -0.7488, -0.6625
0.0138, -0.0122, -0.7489, -0.6625
0.0132, -0.0117, -0.7489, -0.6625
0.0128, -0.0113, -0.7489, -0.6625
0.0125, -0.011, -0.7489, -0.6625
0.0123, -0.0108, -0.7489, -0.6625
0.0121, -0.0107, -0.7489, -0.6625
0.0118, -0.01, -0.7484, -0.6631
0.0103, -0.0063, -0.7344, -0.6787
0.0092, -0.0044, -0.7126, -0.7015
0.01, -0.007, -0.6899, -0.7238
0.0117, -0.0114, -0.6803, -0.7328
0.0133, -0.0144, -0.6789, -0.734
0.0126, -0.0136, -0.6789, -0.734
0.0119, -0.0129, -0.6789, -0.734
0.0115, -0.0124, -0.6789, -0.734
0.0112, -0.0121, -0.679, -0.734
0.011, -0.0119, -0.679, -0.734
0.0099, -0.0107, -0.679, -0.734
0.0078, -0.0085, -0.679, -0.734
0.0062, -0.0067, -0.679, -0.7341
0.0049, -0.0053, -0.679, -0.7341
0.0048, -0.0052, -0.679, -0.7341
0.0096, -0.0103, -0.679, -0.734
0.0122, -0.0132, -0.6789, -0.734
0.0155, -0.0168, -0.6789, -0.7339
0.0144, -0.0156, -0.6789, -0.7339
0.0133, -0.0144, -0.6789, -0.734
0.0126, -0.0136, -0.6789, -0.734
0.012, -0.0129, -0.6789, -0.734
0.0115, -0.0125, -0.6789, -0.734
0.0113, -0.0122, -0.679, -0.734
0.0111, -0.012, -0.679, -0.734
0.0109, -0.0118, -0.679, -0.734
0.0103, -0.0098, -0.6757, -0.737
0.0095, -0.0068, -0.6584, -0.7526
0.0093, -0.0045, -0.6257, -0.78
0.0091, -0.0032, -0.5866, -0.8098
0.0102, -0.0088, -0.5568, -0.8305
0.0108, -0.0132, -0.5449, -0.8383
0.0121, -0.0178, -0.5414, -0.8405
0.0109, -0.0164, -0.5415, -0.8405
0.0102, -0.0155, -0.5415, -0.8405
0.0097, -0.0148, -0.5415, -0.8405
0.0094, -0.0143, -0.5415, -0.8405
0.0091, -0.014, -0.5415, -0.8405
0.0089, -0.0138, -0.5415, -0.8405
0.0088, -0.0136, -0.5415, -0.8405
0.0084, -0.013, -0.5415, -0.8406
0.0066, -0.0102, -0.5415, -0.8406
0.0054, -0.008, -0.5411, -0.8409
0.0044, -0.0064, -0.5369, -0.8436
0.0035, -0.0055, -0.5369, -0.8436
0.0035, -0.0054, -0.5369, -0.8436
0.0073, -0.0115, -0.5368, -0.8436
0.0095, -0.0149, -0.5368, -0.8435
0.0111, -0.0174, -0.5368, -0.8435
0.0127, -0.02, -0.5367, -0.8434
0.0115, -0.018, -0.5368, -0.8435
0.0104, -0.0164, -0.5368, -0.8435
0.0099, -0.0155, -0.5368, -0.8435
0.0094, -0.0148, -0.5368, -0.8435
0.0091, -0.0143, -0.5368, -0.8435
0.0089, -0.014, -0.5368, -0.8435
0.0087, -0.0137, -0.5368, -0.8435
0.0086, -0.0136, -0.5368, -0.8435
0.0086, -0.0135, -0.5368, -0.8435
0.0085, -0.0134, -0.5368, -0.8435
0.0085, -0.0128, -0.5363, -0.8439
0.0081, -0.0088, -0.5184, -0.8551
0.0082, -0.0065, -0.4864, -0.8737
0.0081, -0.0054, -0.4353, -0.9002
0.0083, -0.0111, -0.4088, -0.9125
0.0082, -0.0164, -0.3967, -0.9178
0.0086, -0.0191, -0.3957, -0.9181
0.0077, -0.0174, -0.3958, -0.9182
0.0073, -0.0165, -0.3958, -0.9182
0.007, -0.0159, -0.3958, -0.9182
0.0068, -0.0155, -0.3958, -0.9182
0.0066, -0.0151, -0.3958, -0.9182
0.0065, -0.0149, -0.3958, -0.9182
0.0064, -0.0148, -0.3958, -0.9182
0.0063, -0.0147, -0.3958, -0.9182
0.0063, -0.0146, -0.3958, -0.9182
0.0063, -0.0145, -0.3958, -0.9182
0.0063, -0.0145, -0.3958, -0.9182
0.0062, -0.0145, -0.3958, -0.9182
0.0062, -0.0144, -0.3958, -0.9182
0.0062, -0.0144, -0.3958, -0.9182
0.0064, -0.0112, -0.3862, -0.9223
0.0063, -0.0081, -0.3533, -0.9354
0.0061, -0.007, -0.3124, -0.9499
0.0058, -0.0127, -0.2925, -0.9562
0.0057, -0.0168, -0.2864, -0.958
0.006, -0.0197, -0.2858, -0.9581
0.0056, -0.0183, -0.2858, -0.9581
0.0053, -0.0174, -0.2858, -0.9581
0.005, -0.0167, -0.2858, -0.9581
0.0049, -0.0161, -0.2858, -0.9581
0.0047, -0.0158, -0.2858, -0.9582
0.0047, -0.0156, -0.2858, -0.9582
0.0046, -0.0153, -0.2858, -0.9582
0.0045, -0.0152, -0.2858, -0.9582
0.0043, -0.0138, -0.2851, -0.9584
0.0044, -0.01, -0.2732, -0.9619
0.0048, -0.0079, -0.2493, -0.9684
0.0043, -0.0065, -0.2247, -0.9744
0.0039, -0.0115, -0.2115, -0.9773
0.004, -0.0164, -0.2099, -0.9776
0.0045, -0.0192, -0.2099, -0.9775
0.0046, -0.0202, -0.2098, -0.9775
0.0042, -0.0188, -0.2099, -0.9775
0.004, -0.0178, -0.2099, -0.9776
0.0038, -0.0171, -0.2099, -0.9776
0.0036, -0.0165, -0.2099, -0.9776
0.0035, -0.0162, -0.2099, -0.9776
0.0034, -0.0159, -0.2099, -0.9776
0.0034, -0.0157, -0.2099, -0.9776
0.003, -0.0128, -0.2087, -0.9779
0.003, -0.01, -0.2012, -0.9795
0.0021, -0.0082, -0.1945, -0.9809
0.0025, -0.0127, -0.194, -0.9809
0.0034, -0.017, -0.194, -0.9808
0.0039, -0.0195, -0.194, -0.9808
0.0036, -0.0181, -0.194, -0.9808
0.0034, -0.0173, -0.194, -0.9808
0.0033, -0.0168, -0.194, -0.9808
0.0032, -0.0164, -0.194, -0.9809
0.0032, -0.016, -0.194, -0.9809
0.0031, -0.0159, -0.194, -0.9809
0.0031, -0.0157, -0.194, -0.9809
0.0031, -0.0156, -0.194, -0.9809
0.0031, -0.0155, -0.194, -0.9809
0.0031, -0.0155, -0.194, -0.9809
0.0031, -0.0155, -0.194, -0.9809
0.0031, -0.0154, -0.194, -0.9809
0.003, -0.0154, -0.194, -0.9809
0.003, -0.0154, -0.194, -0.9809
0.0036, -0.0134, -0.1895, -0.9818
0.0044, -0.0103, -0.1641, -0.9864
0.0046, -0.0081, -0.1256, -0.992
0.0039, -0.0106, -0.0909, -0.9958
0.0023, -0.0165, -0.0756, -0.997
0.0017, -0.0207, -0.0736, -0.9971
0.0015, -0.0192, -0.0736, -0.9971
0.0014, -0.018, -0.0736, -0.9971
0.0013, -0.0173, -0.0736, -0.9971
0.0013, -0.0168, -0.0736, -0.9971
0.0012, -0.0164, -0.0736, -0.9971
0.0012, -0.0162, -0.0736, -0.9972
0.0012, -0.016, -0.0736, -0.9972
0.001, -0.0139, -0.0736, -0.9972
0.0008, -0.0109, -0.0736, -0.9972
0.0006, -0.0083, -0.0736, -0.9972
0.001, -0.013, -0.0736, -0.9972
0.0013, -0.018, -0.0736, -0.9971
0.0014, -0.0196, -0.0736, -0.9971
0.0013, -0.0183, -0.0736, -0.9971
0.0013, -0.0175, -0.0736, -0.9971
0.0013, -0.017, -0.0736, -0.9971
0.0012, -0.0165, -0.0736, -0.9971
0.0012, -0.0163, -0.0736, -0.9972
0.0012, -0.0161, -0.0736, -0.9972
0.0012, -0.016, -0.0736, -0.9972
0.0012, -0.0158, -0.0736, -0.9972
0.0018, -0.0144, -0.0711, -0.9974
0.003, -0.0116, -0.052, -0.9986
0.0038, -0.0094, -0.0163, -0.9998
0.0043, -0.0078, 0.0295, -0.9995
0.0023, -0.0125, 0.0594, -0.9982
0.0002, -0.0168, 0.0714, -0.9973
-0.0012, -0.0213, 0.0737, -0.9971
-0.0012, -0.0199, 0.0737, -0.9971
-0.0012, -0.0185, 0.0737, -0.9971
-0.0012, -0.0174, 0.0737, -0.9971
-0.0012, -0.0169, 0.0737, -0.9971
-0.0012, -0.0165, 0.0737, -0.9971
-0.0012, -0.0163, 0.0737, -0.9971
-0.0012, -0.0161, 0.0737, -0.9972
-0.0012, -0.0159, 0.0737, -0.9972
-0.0012, -0.0158, 0.0737, -0.9972
-0.001, -0.0133, 0.0737, -0.9972
-0.0009, -0.0129, 0.0737, -0.9972
-0.0013, -0.0171, 0.0737, -0.9971
-0.0012, -0.0168, 0.0737, -0.9971
-0.0012, -0.0164, 0.0737, -0.9971
-0.0012, -0.0162, 0.0737, -0.9971
-0.0012, -0.016, 0.0737, -0.9972
-0.0012, -0.0159, 0.0737, -0.9972
-0.0012, -0.0158, 0.0737, -0.9972
-0.0012, -0.0157, 0.0737, -0.9972
-0.0012, -0.0157, 0.0737, -0.9972
-0.0012, -0.0157, 0.0737, -0.9972
-0.0012, -0.0157, 0.0737, -0.9972
-0.0012, -0.0157, 0.0737, -0.9972
0.0009, -0.0123, 0.089, -0.996
0.002, -0.0101, 0.1213, -0.9926
0.0028, -0.0083, 0.1684, -0.9857
0.0002, -0.0126, 0.1949, -0.9807
-0.0027, -0.0174, 0.2061, -0.9784
-0.0041, -0.0208, 0.207, -0.9781
-0.0039, -0.0192, 0.207, -0.9781
-0.0037, -0.0181, 0.207, -0.9782
-0.0035, -0.0172, 0.207, -0.9782
-0.0035, -0.0166, 0.207, -0.9782
-0.0034, -0.0163, 0.207, -0.9782
-0.0034, -0.016, 0.207, -0.9782
-0.0033, -0.0158, 0.207, -0.9782
-0.0032, -0.0152, 0.2071, -0.9782
-0.0017, -0.0114, 0.2116, -0.9773
-0.0011, -0.0091, 0.2225, -0.9749
-0.0015, -0.007, 0.2276, -0.9737
-0.0027, -0.0118, 0.2276, -0.9737
-0.0037, -0.0161, 0.2276, -0.9736
-0.0047, -0.0204, 0.2276, -0.9735
-0.0046, -0.0198, 0.2276, -0.9735
-0.0042, -0.0182, 0.2276, -0.9736
-0.0041, -0.0174, 0.2276, -0.9736
-0.0039, -0.0166, 0.2276, -0.9736
-0.0038, -0.0163, 0.2276, -0.9736
-0.0037, -0.0159, 0.2276, -0.9736
-0.0037, -0.0157, 0.2276, -0.9736
-0.0036, -0.0156, 0.2276, -0.9736
-0.0036, -0.0155, 0.2276, -0.9736
-0.0036, -0.0154, 0.2276, -0.9736
-0.0036, -0.0154, 0.2276, -0.9736
-0.0036, -0.0153, 0.2276, -0.9736
-0.0036, -0.0153, 0.2276, -0.9736
-0.0032, -0.0149, 0.2283, -0.9735
-0.0008, -0.0118, 0.2477, -0.9688
0.0005, -0.0094, 0.2841, -0.9587
-0.0025, -0.0131, 0.3057, -0.952
-0.0061, -0.0185, 0.3133, -0.9495
-0.0059, -0.0179, 0.3133, -0.9495
-0.0056, -0.017, 0.3133, -0.9495
-0.0054, -0.0163, 0.3133, -0.9495
-0.0053, -0.0159, 0.3133, -0.9495
-0.0052, -0.0156, 0.3133, -0.9495
-0.0051, -0.0154, 0.3133, -0.9495
-0.0049, -0.0148, 0.3133, -0.9495
-0.0036, -0.0109, 0.3133, -0.9496
-0.0029, -0.0087, 0.3133, -0.9496
-0.0041, -0.0123, 0.3133, -0.9496
-0.0061, -0.0185, 0.3133, -0.9495
-0.0059, -0.0178, 0.3133, -0.9495
-0.0056, -0.017, 0.3133, -0.9495
-0.0054, -0.0164, 0.3133, -0.9495
-0.0052, -0.0159, 0.3133, -0.9495
-0.0051, -0.0156, 0.3133, -0.9495
-0.0051, -0.0154, 0.3133, -0.9495
-0.005, -0.0152, 0.3133, -0.9495
-0.005, -0.0151, 0.3133, -0.9495
-0.005, -0.0151, 0.3133, -0.9495
-0.005, -0.015, 0.3133, -0.9495
-0.0049, -0.015, 0.3133, -0.9495
-0.0027, -0.0128, 0.3223, -0.9465
-0.0006, -0.0104, 0.3563, -0.9343
0.0001, -0.0093, 0.391, -0.9203
-0.004, -0.0134, 0.414, -0.9102
-0.0072, -0.0168, 0.4211, -0.9068
-0.0083, -0.0181, 0.4214, -0.9067
-0.0078, -0.017, 0.4214, -0.9067
-0.0075, -0.0161, 0.4214, -0.9067
-0.0072, -0.0155, 0.4214, -0.9067
-0.007, -0.0151, 0.4214, -0.9067
-0.0069, -0.0148, 0.4214, -0.9067
-0.006, -0.0129, 0.4214, -0.9068
-0.0044, -0.0095, 0.4214, -0.9068
-0.0045, -0.0098, 0.4214, -0.9068
-0.0066, -0.0142, 0.4214, -0.9067
-0.0083, -0.0178, 0.4214, -0.9067
-0.0078, -0.0168, 0.4214, -0.9067
-0.0075, -0.0162, 0.4214, -0.9067
-0.0072, -0.0156, 0.4214, -0.9067
-0.0071, -0.0152, 0.4214, -0.9067
-0.0069, -0.0149, 0.4214, -0.9067
-0.0059, -0.0128, 0.4214, -0.9068
-0.0047, -0.0101, 0.4214, -0.9068
-0.0037, -0.0081, 0.4214, -0.9068
-0.0044, -0.0095, 0.4214, -0.9068
-0.0067, -0.0145, 0.4214, -0.9067
-0.0087, -0.0186, 0.4213, -0.9067
-0.0081, -0.0175, 0.4214, -0.9067
-0.0077, -0.0166, 0.4214, -0.9067
-0.0073, -0.0158, 0.4214, -0.9067
-0.006, -0.0128, 0.4214, -0.9068
-0.0044, -0.0095, 0.4214, -0.9068
-0.0034, -0.0073, 0.4214, -0.9068
-0.0045, -0.0097, 0.4214, -0.9068
-0.0066, -0.0142, 0.4214, -0.9067
-0.0083, -0.0179, 0.4214, -0.9067
-0.009, -0.0193, 0.4213, -0.9067
-0.0083, -0.0178, 0.4214, -0.9067
-0.0077, -0.0166, 0.4214, -0.9067
-0.0073, -0.0158, 0.4214, -0.9067
-0.0071, -0.0153, 0.4214, -0.9067
-0.0069, -0.0148, 0.4214, -0.9067
-0.0068, -0.0147, 0.4214, -0.9067
-0.0068, -0.0145, 0.4214, -0.9067
-0.0067, -0.0144, 0.4214, -0.9067
-0.0067, -0.0144, 0.4214, -0.9067
-0.0067, -0.0143, 0.4214, -0.9067
-0.0066, -0.0143, 0.4214, -0.9067
-0.0066, -0.0143, 0.4214, -0.9067
-0.0066, -0.0142, 0.4214, -0.9067
-0.0066, -0.0142, 0.4214, -0.9067
-0.0066, -0.0142, 0.4214, -0.9067
-0.0066, -0.0142, 0.4214, -0.9067
-0.0056, -0.0126, 0.4223, -0.9063
-0.0034, -0.0103, 0.4318, -0.9019
-0.0016, -0.0085, 0.4575, -0.8892
-0.0029, -0.0089, 0.4781, -0.8783
-0.0076, -0.0147, 0.4809, -0.8766
-0.0094, -0.0177, 0.4809, -0.8766
-0.0096, -0.0179, 0.4809, -0.8766
-0.009, -0.0166, 0.4809, -0.8766
-0.0086, -0.0158, 0.4809, -0.8766
-0.0082, -0.0151, 0.4809, -0.8766
-0.008, -0.0147, 0.4809, -0.8766
-0.0078, -0.0144, 0.4809, -0.8766
-0.006, -0.0119, 0.4828, -0.8756
-0.0037, -0.0099, 0.4943, -0.8693
-0.0027, -0.0079, 0.5119, -0.859
-0.0042, -0.0086, 0.5208, -0.8536
-0.0074, -0.0127, 0.5212, -0.8533
-0.0098, -0.0163, 0.5212, -0.8532
-0.0107, -0.0178, 0.5212, -0.8532
-0.01, -0.0166, 0.5212, -0.8532
-0.0094, -0.0155, 0.5212, -0.8533
-0.009, -0.0149, 0.5212, -0.8533
-0.0087, -0.0144, 0.5212, -0.8533
-0.0086, -0.0141, 0.5212, -0.8533
-0.0084, -0.0138, 0.5212, -0.8533
-0.0083, -0.0137, 0.5212, -0.8533
-0.0083, -0.0136, 0.5212, -0.8533
-0.0083, -0.0135, 0.5212, -0.8533
-0.0082, -0.0135, 0.5212, -0.8533
-0.0082, -0.0134, 0.5212, -0.8533
-0.0066, -0.0125, 0.5244, -0.8514
-0.0037, -0.0108, 0.5455, -0.8381
-0.0019, -0.0098, 0.5783, -0.8158
-0.0006, -0.009, 0.6142, -0.7891
-0.0052, -0.0116, 0.6399, -0.7683
-0.0095, -0.0138, 0.6502, -0.7596
-0.0135, -0.0166, 0.6522, -0.7577
-0.0129, -0.0157, 0.6522, -0.7578
-0.012, -0.0144, 0.6522, -0.7578
-0.0115, -0.0137, 0.6522, -0.7578
-0.0111, -0.0131, 0.6523, -0.7578
-0.0108, -0.0127, 0.6523, -0.7578
-0.0103, -0.0121, 0.6523, -0.7578
-0.008, -0.0094, 0.6523, -0.7579
-0.0064, -0.0075, 0.6523, -0.7579
-0.0062, -0.0073, 0.6523, -0.7579
-0.0103, -0.012, 0.6523, -0.7578
-0.0133, -0.0154, 0.6522, -0.7578
-0.0126, -0.0147, 0.6522, -0.7578
-0.0119, -0.0139, 0.6522, -0.7578
-0.0115, -0.0133, 0.6522, -0.7578
-0.011, -0.0128, 0.6523, -0.7578
-0.0098, -0.0118, 0.6529, -0.7573
-0.0066, -0.0098, 0.6616, -0.7498
-0.0048, -0.0078, 0.6778, -0.7352
-0.0087, -0.0102, 0.6852, -0.7283
-0.0132, -0.0141, 0.6859, -0.7274
-0.0132, -0.0141, 0.6859, -0.7274
-0.0125, -0.0133, 0.686, -0.7274
-0.0119, -0.0127, 0.686, -0.7274
-0.0115, -0.0122, 0.686, -0.7274
-0.0113, -0.012, 0.686, -0.7274
-0.0095, -0.0105, 0.687, -0.7265
-0.0068, -0.0081, 0.6941, -0.7198
-0.0076, -0.0081, 0.6978, -0.7162
-0.011, -0.0113, 0.6978, -0.7162
-0.0134, -0.0137, 0.6977, -0.7161
-0.0127, -0.013, 0.6977, -0.7161
-0.0121, -0.0124, 0.6977, -0.7161
-0.0117, -0.012, 0.6978, -0.7161
-0.0115, -0.0117, 0.6978, -0.7161
-0.0095, -0.0103, 0.699, -0.715
-0.0063, -0.0086, 0.7102, -0.704
-0.0049, -0.0069, 0.7235, -0.6902
-0.0067, -0.0073, 0.7305, -0.6828
-0.0114, -0.0109, 0.7307, -0.6825
-0.0155, -0.0147, 0.7306, -0.6824
-0.0145, -0.0137, 0.7307, -0.6824
-0.0135, -0.0127, 0.7307, -0.6825
-0.0129, -0.0121, 0.7307, -0.6825
-0.0125, -0.0117, 0.7307, -0.6825
-0.0112, -0.0105, 0.7307, -0.6825
-0.0082, -0.0077, 0.7308, -0.6825
-0.0069, -0.0064, 0.7308, -0.6826
-0.0115, -0.0107, 0.7307, -0.6825
-0.0145, -0.0135, 0.7307, -0.6824
-0.0134, -0.0125, 0.7307, -0.6825
-0.0127, -0.0119, 0.7307, -0.6825
-0.0113, -0.0106, 0.7307, -0.6825
-0.0083, -0.0077, 0.7308, -0.6825
-0.0063, -0.0059, 0.7308, -0.6826
-0.0108, -0.0101, 0.7307, -0.6825
-0.0149, -0.0139, 0.7307, -0.6824
-0.013, -0.0122, 0.7307, -0.6825
-0.0094, -0.0088, 0.7307, -0.6825
-0.007, -0.0065, 0.7308, -0.6826
-0.0062, -0.0058, 0.7308, -0.6826
-0.0114, -0.0106, 0.7307, -0.6825
-0.0145, -0.0135, 0.7307, -0.6824
-0.0154, -0.0144, 0.7306, -0.6824
-0.0118, -0.0111, 0.7307, -0.6825
-0.0087, -0.0081, 0.7308, -0.6825
-0.0073, -0.0068, 0.7308, -0.6825
-0.0117, -0.011, 0.7307, -0.6825
-0.0157, -0.0147, 0.7306, -0.6824
-0.0151, -0.0141, 0.7307, -0.6824
-0.0111, -0.0103, 0.7307, -0.6825
-0.0081, -0.0076, 0.7308, -0.6825
-0.0065, -0.0061, 0.7308, -0.6826
-0.0108, -0.0101, 0.7307, -0.6825
-0.0146, -0.0136, 0.7307, -0.6824
-0.0149, -0.0139, 0.7307, -0.6824
-0.0137, -0.0128, 0.7307, -0.6825
-0.013, -0.0121, 0.7307, -0.6825
-0.0124, -0.0116, 0.7307, -0.6825
-0.0121, -0.0113, 0.7307, -0.6825
-0.0119, -0.0111, 0.7307, -0.6825
-0.0118, -0.011, 0.7307, -0.6825
-0.0116, -0.0109, 0.7307, -0.6825
-0.0116, -0.0108, 0.7307, -0.6825
-0.0115, -0.0108, 0.7307, -0.6825
-0.0115, -0.0108, 0.7307, -0.6825
-0.0115, -0.0107, 0.7307, -0.6825
-0.0115, -0.0107, 0.7307, -0.6825
-0.0115, -0.0107, 0.7307, -0.6825
-0.0115, -0.0107, 0.7307, -0.6825
-0.0115, -0.0107, 0.7307, -0.6825
-0.0115, -0.0107, 0.7307, -0.6825
-0.0115, -0.0107, 0.7307, -0.6825
-0.0115, -0.0107, 0.7307, -0.6825
-0.0115, -0.0107, 0.7307, -0.6825
-0.0115, -0.0107, 0.7307, -0.6825
-0.0115, -0.0107, 0.7307, -0.6825
-0.0115, -0.0107, 0.7307, -0.6825
-0.0115, -0.0107, 0.7307, -0.6825
